Station_ID,Payment_ID
82931,1
82931,5
82931,6
82931,10
82931,12
82933,1
82933,5
82933,8
82933,10
82933,12
82973,1
82973,5
82973,8
82973,10
82973,12
83098,11
83170,1
83170,5
83170,8
83170,10
83170,12
83196,5
83257,5
83257,8
83257,10
83257,12
83300,5
83307,1
83307,7
83307,8
83307,10
83307,12
83320,8
83326,
83326,8
83326,10
83410,1
83410,7
83410,8
83410,10
83410,12
83540,5
83540,
83540,8
83626,
83726,8
83726,10
83726,12
83760,8
83760,10
83760,12
83832,5
83832,10
83832,12
84038,
84038,8
84171,5
84171,
84171,8
84171,10
84171,12
84192,
84192,10
84192,12
84207,1
84207,5
84207,7
84207,8
84207,10
84207,12
84234,5
84270,1
84270,5
84270,7
84270,8
84270,10
84270,12
84308,1
84308,3
84308,4
84308,
84308,8
84308,10
84308,12
84346,5
84350,5
84388,1
84388,
84388,7
84388,10
84388,12
84435,5
84435,
84435,8
84435,10
84435,12
84457,5
84467,5
84467,8
84467,10
84467,12
84589,1
84589,10
84589,12
84690,1
84690,5
84690,8
84690,10
84690,12
84715,5
84867,8
84867,10
84867,12
84868,5
85030,5
85226,
85241,13
85336,5
85336,8
85336,10
85336,12
87664,
88667,1
88667,10
88667,12
91897,5
98518,5
122951,1
122951,5
122951,8
122951,10
122951,12
145321,1
145321,4
145321,
145321,8
145321,10
145321,12
158292,1
158292,4
158292,
158292,8
158292,10
158292,12
165376,1
165376,4
165376,
165376,8
165376,10
165376,12
165377,1
165377,4
165377,
165377,8
165377,10
165377,12
165378,1
165378,4
165378,
165378,8
165378,10
165378,12
165379,1
165379,4
165379,
165379,8
165379,10
165379,12
165416,1
165416,4
165416,
165416,8
165416,10
165416,12
169663,
185929,1
185929,7
185929,8
185929,10
185929,12
185930,1
185930,7
185930,8
185930,10
185930,12
185931,1
185931,7
185931,8
185931,10
185931,12
185932,1
185932,7
185932,8
185932,10
185932,12
185933,1
185933,7
185933,8
185933,10
185933,12
185935,1
185935,7
185935,8
185935,10
185935,12
185936,1
185936,7
185936,8
185936,10
185936,12
185939,1
185939,7
185939,8
185939,10
185939,12
185940,1
185940,7
185940,8
185940,10
185940,12
185943,1
185943,7
185943,8
185943,10
185943,12
185944,1
185944,7
185944,8
185944,10
185944,12
185949,1
185949,7
185949,8
185949,10
185949,12
185950,1
185950,7
185950,8
185950,10
185950,12
185951,1
185951,7
185951,8
185951,10
185951,12
185952,1
185952,7
185952,8
185952,10
185952,12
185953,1
185953,7
185953,8
185953,10
185953,12
185956,1
185956,7
185956,8
185956,10
185956,12
185957,1
185957,7
185957,8
185957,10
185957,12
185960,1
185960,7
185960,8
185960,10
185960,12
185961,1
185961,7
185961,8
185961,10
185961,12
185964,1
185964,7
185964,8
185964,10
185964,12
185966,1
185966,7
185966,8
185966,10
185966,12
185967,1
185967,7
185967,8
185967,10
185967,12
185971,1
185971,7
185971,8
185971,10
185971,12
185974,1
185974,7
185974,8
185974,10
185974,12
185975,1
185975,7
185975,8
185975,10
185975,12
185976,1
185976,7
185976,8
185976,10
185976,12
185979,1
185979,7
185979,8
185979,10
185979,12
185980,1
185980,7
185980,8
185980,10
185980,12
185981,1
185981,7
185981,8
185981,10
185981,12
185984,1
185984,7
185984,8
185984,10
185984,12
185985,1
185985,7
185985,8
185985,10
185985,12
185986,1
185986,7
185986,8
185986,10
185986,12
185987,1
185987,7
185987,8
185987,10
185987,12
185989,1
185989,7
185989,8
185989,10
185989,12
185990,1
185990,7
185990,8
185990,10
185990,12
185991,1
185991,7
185991,8
185991,10
185991,12
185993,1
185993,7
185993,8
185993,10
185993,12
185994,1
185994,7
185994,8
185994,10
185994,12
185995,1
185995,7
185995,8
185995,10
185995,12
185998,1
185998,7
185998,8
185998,10
185998,12
185999,1
185999,7
185999,8
185999,10
185999,12
186003,1
186003,7
186003,8
186003,10
186003,12
186005,1
186005,7
186005,8
186005,10
186005,12
186006,1
186006,7
186006,8
186006,10
186006,12
186007,1
186007,7
186007,8
186007,10
186007,12
186008,1
186008,7
186008,8
186008,10
186008,12
186053,1
186053,7
186053,8
186053,10
186053,12
186101,7
186101,8
186101,10
186101,12
186139,7
186139,8
186139,10
186139,12
187812,1
187812,7
187812,10
187812,12
200597,1
200597,7
200597,8
200597,10
200597,12
201337,1
201337,7
201337,8
201337,10
201337,12
201341,1
201341,7
201341,8
201341,10
201341,12
201344,1
201344,3
201344,4
201344,
201344,7
201344,8
201344,10
201344,12
201345,1
201345,7
201345,8
201345,10
201345,12
201425,1
201425,7
201425,8
201425,10
201425,12
201686,1
201686,7
201686,8
201686,10
201686,12
201690,1
201690,7
201690,8
201690,10
201690,12
201693,1
201693,7
201693,8
201693,10
201693,12
201695,1
201695,7
201695,8
201695,10
201695,12
201701,1
201701,7
201701,8
201701,10
201701,12
201702,1
201702,7
201702,8
201702,10
201702,12
201703,1
201703,7
201703,8
201703,10
201703,12
201704,1
201704,7
201704,8
201704,10
201704,12
201705,1
201705,7
201705,8
201705,10
201705,12
201706,1
201706,7
201706,8
201706,10
201706,12
201707,1
201707,7
201707,8
201707,10
201707,12
201708,1
201708,7
201708,8
201708,10
201708,12
201709,1
201709,7
201709,8
201709,10
201709,12
201710,1
201710,7
201710,8
201710,10
201710,12
201711,1
201711,7
201711,8
201711,10
201711,12
201712,1
201712,7
201712,8
201712,10
201712,12
201713,1
201713,7
201713,8
201713,10
201713,12
201714,1
201714,7
201714,8
201714,10
201714,12
201716,1
201716,7
201716,8
201716,10
201716,12
201717,1
201717,7
201717,8
201717,10
201717,12
201720,1
201720,7
201720,8
201720,10
201720,12
201721,1
201721,7
201721,8
201721,10
201721,12
201723,1
201723,7
201723,8
201723,10
201723,12
201727,1
201727,7
201727,8
201727,10
201727,12
201728,1
201728,7
201728,8
201728,10
201728,12
201729,1
201729,7
201729,8
201729,10
201729,12
201730,1
201730,7
201730,8
201730,10
201730,12
201731,1
201731,7
201731,8
201731,10
201731,12
201733,1
201733,7
201733,8
201733,10
201733,12
201734,1
201734,7
201734,8
201734,10
201734,12
201735,1
201735,7
201735,8
201735,10
201735,12
201737,1
201737,7
201737,8
201737,10
201737,12
201738,1
201738,7
201738,8
201738,10
201738,12
201740,1
201740,7
201740,8
201740,10
201740,12
201744,1
201744,7
201744,8
201744,10
201744,12
201745,1
201745,7
201745,8
201745,10
201745,12
201746,1
201746,7
201746,8
201746,10
201746,12
201747,1
201747,7
201747,8
201747,10
201747,12
201748,1
201748,7
201748,8
201748,10
201748,12
201749,1
201749,7
201749,8
201749,10
201749,12
201750,1
201750,7
201750,8
201750,10
201750,12
201752,1
201752,7
201752,8
201752,10
201752,12
201753,1
201753,7
201753,8
201753,10
201753,12
201754,1
201754,7
201754,8
201754,10
201754,12
201755,1
201755,7
201755,8
201755,10
201755,12
201756,1
201756,7
201756,8
201756,10
201756,12
201785,1
201785,7
201785,8
201785,10
201785,12
202497,1
202497,7
202497,8
202497,10
202497,12
202499,1
202499,7
202499,8
202499,10
202499,12
202647,1
202647,7
202647,8
202647,10
202647,12
202648,1
202648,7
202648,8
202648,10
202648,12
203271,1
203271,7
203271,8
203271,10
203271,12
203272,1
203272,7
203272,8
203272,10
203272,12
203305,1
203305,7
203305,8
203305,10
203305,12
204891,1
204891,7
204891,8
204891,10
204891,12
205862,1
205862,7
205862,8
205862,10
205862,12
206680,1
206680,7
206680,8
206680,10
206680,12
206685,1
206685,7
206685,8
206685,10
206685,12
206686,1
206686,7
206686,8
206686,10
206686,12
206687,1
206687,7
206687,8
206687,10
206687,12
206691,1
206691,7
206691,8
206691,10
206691,12
207681,1
207681,7
207681,8
207681,10
207681,12
208847,9
211935,1
211935,7
211935,8
211935,10
211935,12
213180,1
213180,7
213180,8
213180,10
213180,12
216400,1
216400,7
216400,8
216400,10
216400,12
218859,1
218859,
218859,7
218859,8
218859,10
218859,12
218860,1
218860,7
218860,8
218860,10
218860,12
218863,1
218863,
218863,7
218863,8
218863,10
218863,12
218864,1
218864,
218864,7
218864,8
218864,10
218864,12
218866,1
218866,7
218866,8
218866,10
218866,12
218867,1
218867,7
218867,8
218867,10
218867,12
218870,1
218870,7
218870,8
218870,10
218870,12
218876,1
218876,7
218876,8
218876,10
218876,12
218877,1
218877,7
218877,8
218877,10
218877,12
218879,1
218879,
218879,7
218879,8
218879,10
218879,12
218882,1
218882,7
218882,8
218882,10
218882,12
218883,1
218883,7
218883,8
218883,10
218883,12
218884,1
218884,7
218884,8
218884,10
218884,12
218886,1
218886,
218886,7
218886,8
218886,10
218886,12
218890,1
218890,
218890,7
218890,8
218890,10
218890,12
218891,1
218891,
218891,7
218891,8
218891,10
218891,12
218892,1
218892,
218892,7
218892,8
218892,10
218892,12
218893,1
218893,7
218893,8
218893,10
218893,12
218894,1
218894,7
218894,8
218894,10
218894,12
218896,1
218896,
218896,7
218896,8
218896,10
218896,12
218899,1
218899,7
218899,8
218899,10
218899,12
218902,1
218902,7
218902,8
218902,10
218902,12
218903,1
218903,7
218903,8
218903,10
218903,12
218904,1
218904,7
218904,8
218904,10
218904,12
218905,1
218905,7
218905,8
218905,10
218905,12
218906,1
218906,7
218906,8
218906,10
218906,12
218907,1
218907,7
218907,8
218907,10
218907,12
218908,1
218908,7
218908,8
218908,10
218908,12
218909,1
218909,7
218909,8
218909,10
218909,12
218910,1
218910,7
218910,8
218910,10
218910,12
218911,1
218911,7
218911,8
218911,10
218911,12
218912,1
218912,7
218912,8
218912,10
218912,12
218913,1
218913,7
218913,8
218913,10
218913,12
218993,1
218993,7
218993,8
218993,10
218993,12
220725,1
220725,7
220725,8
220725,10
220725,12
220727,1
220727,7
220727,8
220727,10
220727,12
221867,1
221867,7
221867,8
221867,10
221867,12
221868,1
221868,7
221868,8
221868,10
221868,12
224186,1
224186,7
224186,8
224186,10
224186,12
224187,1
224187,7
224187,8
224187,10
224187,12
224189,1
224189,7
224189,8
224189,10
224189,12
224369,1
224369,7
224369,8
224369,10
224369,12
225030,1
225030,7
225030,8
225030,10
225030,12
225031,1
225031,7
225031,8
225031,10
225031,12
225033,1
225033,7
225033,8
225033,10
225033,12
226553,1
226553,7
226553,8
226553,10
226553,12
226760,1
226760,7
226760,8
226760,10
226760,12
227142,1
227142,
227142,7
227142,10
227142,12
229154,1
229154,7
229154,8
229154,10
229154,12
229161,1
229161,7
229161,8
229161,10
229161,12
229162,1
229162,7
229162,8
229162,10
229162,12
229164,1
229164,7
229164,8
229164,10
229164,12
229165,1
229165,7
229165,8
229165,10
229165,12
229166,1
229166,7
229166,8
229166,10
229166,12
229170,1
229170,7
229170,8
229170,10
229170,12
229172,1
229172,7
229172,8
229172,10
229172,12
229173,1
229173,7
229173,8
229173,10
229173,12
229174,1
229174,7
229174,8
229174,10
229174,12
229175,1
229175,7
229175,8
229175,10
229175,12
229177,1
229177,7
229177,8
229177,10
229177,12
229195,1
229195,7
229195,8
229195,10
229195,12
231710,1
231710,7
231710,8
231710,10
231710,12
231824,1
231824,7
231824,8
231824,10
231824,12
233157,1
233157,7
233157,8
233157,10
233157,12
233215,
233218,
233265,
235454,1
235454,7
235454,8
235454,10
235454,12
236270,1
236270,7
236270,8
236270,10
236270,12
236413,
237717,1
237717,7
237717,8
237717,10
237717,12
237718,1
237718,7
237718,8
237718,10
237718,12
237720,1
237720,7
237720,8
237720,10
237720,12
237721,1
237721,7
237721,8
237721,10
237721,12
237722,1
237722,7
237722,8
237722,10
237722,12
237723,1
237723,7
237723,8
237723,10
237723,12
237724,1
237724,7
237724,8
237724,10
237724,12
237725,1
237725,7
237725,8
237725,10
237725,12
237726,1
237726,7
237726,8
237726,10
237726,12
237727,1
237727,7
237727,8
237727,10
237727,12
237765,1
237765,7
237765,8
237765,10
237765,12
238244,1
238244,7
238244,8
238244,10
238244,12
238590,1
238590,7
238590,8
238590,10
238590,12
238591,1
238591,7
238591,8
238591,10
238591,12
238592,1
238592,7
238592,8
238592,10
238592,12
238595,1
238595,7
238595,8
238595,10
238595,12
238597,1
238597,7
238597,8
238597,10
238597,12
238598,1
238598,7
238598,8
238598,10
238598,12
238599,1
238599,7
238599,8
238599,10
238599,12
238600,1
238600,7
238600,8
238600,10
238600,12
238601,1
238601,7
238601,8
238601,10
238601,12
238607,1
238607,7
238607,8
238607,10
238607,12
238610,1
238610,7
238610,8
238610,10
238610,12
241170,1
241170,7
241170,8
241170,10
241170,12
241172,1
241172,7
241172,8
241172,10
241172,12
241174,1
241174,7
241174,8
241174,10
241174,12
241178,1
241178,7
241178,8
241178,10
241178,12
241273,1
241273,7
241273,8
241273,10
241273,12
249438,1
249438,7
249438,8
249438,10
249438,12
249440,1
249440,10
249440,12
249441,1
249441,10
249441,12
249442,1
249442,10
249442,12
250254,9
250752,3
250752,4
250752,
250752,7
250752,8
250752,10
250752,12
250783,1
250783,7
250783,8
250783,10
250783,12
251151,1
251151,7
251151,8
251151,10
251151,12
251152,1
251152,7
251152,8
251152,10
251152,12
251154,1
251154,7
251154,8
251154,10
251154,12
251155,
251157,
251717,
252556,
253792,
253793,1
253793,7
253793,8
253793,10
253793,12
253795,1
253795,7
253795,8
253795,10
253795,12
254134,1
254134,5
254134,6
254134,
254134,7
254134,8
254134,10
254134,12
254322,
256130,1
256130,7
256130,8
256130,10
256130,12
256131,1
256131,7
256131,8
256131,10
256131,12
256189,1
256189,7
256189,8
256189,10
256189,12
256654,1
256654,7
256654,8
256654,10
256654,12
256656,1
256656,7
256656,8
256656,10
256656,12
256657,1
256657,7
256657,8
256657,10
256657,12
256659,1
256659,7
256659,8
256659,10
256659,12
256660,1
256660,7
256660,8
256660,10
256660,12
256661,1
256661,7
256661,8
256661,10
256661,12
256662,1
256662,7
256662,8
256662,10
256662,12
256663,1
256663,7
256663,8
256663,10
256663,12
256664,1
256664,7
256664,8
256664,10
256664,12
256665,1
256665,7
256665,8
256665,10
256665,12
256666,1
256666,7
256666,8
256666,10
256666,12
256704,1
256704,7
256704,8
256704,10
256704,12
256789,
257045,1
257045,7
257045,8
257045,10
257045,12
257046,1
257046,7
257046,8
257046,10
257046,12
257047,1
257047,7
257047,8
257047,10
257047,12
257048,1
257048,7
257048,8
257048,10
257048,12
257049,1
257049,7
257049,8
257049,10
257049,12
257051,1
257051,7
257051,8
257051,10
257051,12
257052,1
257052,7
257052,8
257052,10
257052,12
257053,1
257053,7
257053,8
257053,10
257053,12
257054,1
257054,7
257054,8
257054,10
257054,12
257065,1
257065,7
257065,8
257065,10
257065,12
257075,1
257075,10
257075,12
257108,1
257108,7
257108,8
257108,10
257108,12
257745,1
257745,7
257745,8
257745,10
257745,12
257746,1
257746,7
257746,8
257746,10
257746,12
257748,1
257748,7
257748,8
257748,10
257748,12
257749,1
257749,7
257749,8
257749,10
257749,12
257801,1
257801,7
257801,8
257801,10
257801,12
258273,1
258273,7
258273,8
258273,10
258273,12
258274,1
258274,7
258274,8
258274,10
258274,12
258295,1
258295,7
258295,8
258295,10
258295,12
258537,
258538,1
258538,7
258538,8
258538,10
258538,12
258539,1
258539,7
258539,8
258539,10
258539,12
258540,1
258540,7
258540,8
258540,10
258540,12
258541,1
258541,7
258541,8
258541,10
258541,12
258542,1
258542,7
258542,8
258542,10
258542,12
258543,1
258543,7
258543,8
258543,10
258543,12
258544,1
258544,7
258544,8
258544,10
258544,12
258546,1
258546,7
258546,8
258546,10
258546,12
258547,1
258547,7
258547,8
258547,10
258547,12
258548,1
258548,7
258548,8
258548,10
258548,12
258550,1
258550,7
258550,8
258550,10
258550,12
258551,1
258551,7
258551,8
258551,10
258551,12
258555,1
258555,7
258555,8
258555,10
258555,12
258562,1
258562,7
258562,8
258562,10
258562,12
258563,1
258563,7
258563,8
258563,10
258563,12
258564,1
258564,7
258564,8
258564,10
258564,12
258568,1
258568,7
258568,8
258568,10
258568,12
258572,1
258572,7
258572,8
258572,10
258572,12
258575,1
258575,7
258575,8
258575,10
258575,12
258576,1
258576,7
258576,8
258576,10
258576,12
258578,1
258578,7
258578,8
258578,10
258578,12
258590,1
258590,7
258590,8
258590,10
258590,12
258591,1
258591,7
258591,8
258591,10
258591,12
258592,1
258592,7
258592,8
258592,10
258592,12
258593,1
258593,7
258593,8
258593,10
258593,12
258595,1
258595,7
258595,8
258595,10
258595,12
258598,1
258598,7
258598,8
258598,10
258598,12
258600,1
258600,7
258600,8
258600,10
258600,12
258601,1
258601,7
258601,8
258601,10
258601,12
258603,1
258603,7
258603,8
258603,10
258603,12
258609,1
258609,7
258609,8
258609,10
258609,12
258614,1
258614,7
258614,8
258614,10
258614,12
258616,1
258616,7
258616,8
258616,10
258616,12
258618,1
258618,7
258618,8
258618,10
258618,12
258622,1
258622,7
258622,8
258622,10
258622,12
258630,1
258630,7
258630,8
258630,10
258630,12
258638,1
258638,7
258638,8
258638,10
258638,12
258639,1
258639,7
258639,8
258639,10
258639,12
258640,1
258640,7
258640,8
258640,10
258640,12
258643,1
258643,7
258643,8
258643,10
258643,12
258654,1
258654,7
258654,8
258654,10
258654,12
258658,1
258658,7
258658,8
258658,10
258658,12
258660,1
258660,7
258660,8
258660,10
258660,12
258663,1
258663,7
258663,8
258663,10
258663,12
258667,1
258667,7
258667,8
258667,10
258667,12
258671,1
258671,7
258671,8
258671,10
258671,12
258673,1
258673,7
258673,8
258673,10
258673,12
258674,1
258674,7
258674,8
258674,10
258674,12
258682,1
258682,7
258682,8
258682,10
258682,12
258683,1
258683,7
258683,8
258683,10
258683,12
258686,1
258686,7
258686,8
258686,10
258686,12
258700,1
258700,7
258700,8
258700,10
258700,12
258707,1
258707,7
258707,8
258707,10
258707,12
258709,1
258709,7
258709,8
258709,10
258709,12
258711,1
258711,7
258711,8
258711,10
258711,12
258713,1
258713,7
258713,8
258713,10
258713,12
258715,1
258715,7
258715,8
258715,10
258715,12
258718,1
258718,7
258718,8
258718,10
258718,12
258719,1
258719,7
258719,8
258719,10
258719,12
258720,1
258720,7
258720,8
258720,10
258720,12
258721,1
258721,7
258721,8
258721,10
258721,12
258742,1
258742,7
258742,8
258742,10
258742,12
258743,1
258743,7
258743,8
258743,10
258743,12
258744,1
258744,7
258744,8
258744,10
258744,12
258750,1
258750,7
258750,8
258750,10
258750,12
258758,1
258758,7
258758,8
258758,10
258758,12
258760,1
258760,7
258760,8
258760,10
258760,12
258762,1
258762,7
258762,8
258762,10
258762,12
258776,1
258776,7
258776,8
258776,10
258776,12
258777,1
258777,7
258777,8
258777,10
258777,12
258778,1
258778,7
258778,8
258778,10
258778,12
258780,1
258780,7
258780,8
258780,10
258780,12
258789,1
258789,7
258789,8
258789,10
258789,12
258926,1
258926,7
258926,8
258926,10
258926,12
258927,1
258927,7
258927,8
258927,10
258927,12
258929,1
258929,7
258929,8
258929,10
258929,12
258930,1
258930,7
258930,8
258930,10
258930,12
258965,1
258965,7
258965,8
258965,10
258965,12
260046,1
260046,7
260046,8
260046,10
260046,12
260047,
260048,
261074,1
261074,7
261074,8
261074,10
261074,12
262507,1
262507,7
262507,8
262507,10
262507,12
262508,1
262508,7
262508,8
262508,10
262508,12
262509,1
262509,7
262509,8
262509,10
262509,12
262510,1
262510,7
262510,8
262510,10
262510,12
262536,1
262536,7
262536,8
262536,10
262536,12
262703,
262748,
296788,1
296788,7
296788,8
296788,10
296788,12
300529,3
300529,4
300529,
300529,8
300529,10
300529,12
301704,1
301704,3
301704,4
301704,5
301704,
301704,7
301704,8
301704,10
301704,12
301744,1
301744,7
301744,8
301744,10
301744,12
301745,1
301745,7
301745,8
301745,10
301745,12
301747,1
301747,7
301747,8
301747,10
301747,12
301748,1
301748,7
301748,8
301748,10
301748,12
301749,1
301749,7
301749,8
301749,10
301749,12
301750,1
301750,7
301750,8
301750,10
301750,12
301752,1
301752,7
301752,8
301752,10
301752,12
302255,1
302255,7
302255,8
302255,10
302255,12
302354,3
302354,4
302354,
302354,8
302354,10
302354,12
302526,3
302526,4
302526,
302526,8
302526,10
302526,12
302673,1
302673,7
302673,8
302673,10
302673,12
303327,1
303327,7
303327,8
303327,10
303327,12
303329,1
303329,7
303329,8
303329,10
303329,12
303334,1
303334,7
303334,8
303334,10
303334,12
303335,1
303335,7
303335,8
303335,10
303335,12
303338,1
303338,7
303338,8
303338,10
303338,12
303339,1
303339,7
303339,8
303339,10
303339,12
303340,1
303340,7
303340,8
303340,10
303340,12
303343,1
303343,7
303343,8
303343,10
303343,12
303350,1
303350,7
303350,8
303350,10
303350,12
303355,1
303355,7
303355,8
303355,10
303355,12
303356,1
303356,7
303356,8
303356,10
303356,12
303359,1
303359,7
303359,8
303359,10
303359,12
303361,1
303361,7
303361,8
303361,10
303361,12
303363,1
303363,7
303363,8
303363,10
303363,12
303370,1
303370,7
303370,8
303370,10
303370,12
303373,1
303373,7
303373,8
303373,10
303373,12
303376,1
303376,7
303376,8
303376,10
303376,12
303378,1
303378,7
303378,8
303378,10
303378,12
303385,1
303385,7
303385,8
303385,10
303385,12
303388,1
303388,7
303388,8
303388,10
303388,12
303390,1
303390,7
303390,8
303390,10
303390,12
303396,1
303396,7
303396,8
303396,10
303396,12
303401,1
303401,7
303401,8
303401,10
303401,12
303403,1
303403,7
303403,8
303403,10
303403,12
303405,1
303405,7
303405,8
303405,10
303405,12
303406,1
303406,7
303406,8
303406,10
303406,12
303408,1
303408,7
303408,8
303408,10
303408,12
303411,1
303411,7
303411,8
303411,10
303411,12
303416,1
303416,7
303416,8
303416,10
303416,12
303420,1
303420,7
303420,8
303420,10
303420,12
303422,1
303422,7
303422,8
303422,10
303422,12
303425,1
303425,7
303425,8
303425,10
303425,12
303427,1
303427,7
303427,8
303427,10
303427,12
303540,1
303540,7
303540,8
303540,10
303540,12
303985,1
303985,
303985,7
303985,10
303985,12
304408,1
304408,7
304408,8
304408,10
304408,12
306854,1
306854,7
306854,8
306854,10
306854,12
306855,1
306855,7
306855,8
306855,10
306855,12
306871,1
306871,7
306871,8
306871,10
306871,12
306923,
307405,3
307405,4
307405,
307405,8
307405,10
307405,12
307407,3
307407,4
307407,
307407,8
307407,10
307407,12
307456,3
307456,4
307456,
307456,8
307456,10
307456,12
307593,1
307593,2
307593,
307593,7
307593,10
307593,12
307896,1
307896,7
307896,8
307896,10
307896,12
308514,1
308514,7
308514,8
308514,10
308514,12
308518,1
308518,7
308518,8
308518,10
308518,12
310645,
311256,1
311256,7
311256,8
311256,10
311256,12
311332,1
311332,7
311332,8
311332,10
311332,12
312128,1
312128,7
312128,8
312128,10
312128,12
312525,1
312525,7
312525,8
312525,10
312525,12
312591,1
312591,7
312591,8
312591,10
312591,12
313510,1
313510,7
313510,8
313510,10
313510,12
313515,1
313515,7
313515,8
313515,10
313515,12
313517,1
313517,7
313517,8
313517,10
313517,12
313523,1
313523,7
313523,8
313523,10
313523,12
313550,1
313550,7
313550,8
313550,10
313550,12
313551,1
313551,7
313551,8
313551,10
313551,12
313552,1
313552,7
313552,8
313552,10
313552,12
313553,1
313553,7
313553,8
313553,10
313553,12
313554,1
313554,7
313554,8
313554,10
313554,12
313555,1
313555,7
313555,8
313555,10
313555,12
313556,1
313556,7
313556,8
313556,10
313556,12
313557,1
313557,7
313557,8
313557,10
313557,12
313559,1
313559,7
313559,8
313559,10
313559,12
313561,1
313561,7
313561,8
313561,10
313561,12
313562,1
313562,7
313562,8
313562,10
313562,12
313564,1
313564,7
313564,8
313564,10
313564,12
313565,1
313565,7
313565,8
313565,10
313565,12
313566,1
313566,7
313566,8
313566,10
313566,12
313568,1
313568,7
313568,8
313568,10
313568,12
313569,1
313569,7
313569,8
313569,10
313569,12
313571,1
313571,7
313571,8
313571,10
313571,12
313572,1
313572,7
313572,8
313572,10
313572,12
313573,1
313573,7
313573,8
313573,10
313573,12
313574,1
313574,7
313574,8
313574,10
313574,12
313575,1
313575,7
313575,8
313575,10
313575,12
313577,1
313577,7
313577,8
313577,10
313577,12
313580,1
313580,7
313580,8
313580,10
313580,12
313583,1
313583,7
313583,8
313583,10
313583,12
313585,1
313585,7
313585,8
313585,10
313585,12
313586,1
313586,7
313586,8
313586,10
313586,12
313587,1
313587,7
313587,8
313587,10
313587,12
313588,1
313588,7
313588,8
313588,10
313588,12
313589,1
313589,7
313589,8
313589,10
313589,12
313591,1
313591,7
313591,8
313591,10
313591,12
313593,1
313593,7
313593,8
313593,10
313593,12
313594,1
313594,7
313594,8
313594,10
313594,12
313596,1
313596,7
313596,8
313596,10
313596,12
313597,1
313597,7
313597,8
313597,10
313597,12
313598,1
313598,7
313598,8
313598,10
313598,12
313599,1
313599,7
313599,8
313599,10
313599,12
313600,1
313600,7
313600,8
313600,10
313600,12
313608,1
313608,7
313608,8
313608,10
313608,12
313706,1
313706,7
313706,8
313706,10
313706,12
316538,1
316538,3
316538,4
316538,5
316538,
316538,8
316538,10
316538,12
318206,1
318206,7
318206,8
318206,10
318206,12
319556,1
319556,7
319556,8
319556,10
319556,12
319557,1
319557,3
319557,4
319557,
319557,7
319557,10
319558,1
319558,3
319558,4
319558,
319558,7
319558,10
319634,1
319634,3
319634,4
319634,
319634,7
319634,10
320186,1
320186,7
320186,8
320186,10
320186,12
320187,1
320187,7
320187,8
320187,10
320187,12
320188,1
320188,7
320188,8
320188,10
320188,12
320190,1
320190,7
320190,8
320190,10
320190,12
320192,1
320192,7
320192,8
320192,10
320192,12
320193,1
320193,7
320193,8
320193,10
320193,12
320194,1
320194,7
320194,8
320194,10
320194,12
320195,1
320195,7
320195,8
320195,10
320195,12
320196,1
320196,7
320196,8
320196,10
320196,12
320198,1
320198,7
320198,8
320198,10
320198,12
320199,1
320199,7
320199,8
320199,10
320199,12
320200,1
320200,7
320200,8
320200,10
320200,12
320201,1
320201,7
320201,8
320201,10
320201,12
320202,1
320202,7
320202,8
320202,10
320202,12
320203,1
320203,7
320203,8
320203,10
320203,12
320204,1
320204,7
320204,8
320204,10
320204,12
320264,1
320264,7
320264,8
320264,10
320264,12
320892,1
320892,7
320892,10
320892,12
320893,1
320893,7
320893,10
320893,12
321052,1
321052,7
321052,10
321052,12
321180,1
321180,7
321180,8
321180,10
321180,12
321233,1
321233,7
321233,8
321233,10
321233,12
322349,1
322349,7
322349,8
322349,10
322349,12
322895,1
322895,7
322895,8
322895,10
322895,12
323280,1
323280,7
323280,8
323280,10
323280,12
323364,1
323364,7
323364,8
323364,10
323364,12
323766,
325767,1
325767,7
325767,8
325767,10
325767,12
325768,1
325768,7
325768,8
325768,10
325768,12
325769,1
325769,7
325769,8
325769,10
325769,12
325771,1
325771,7
325771,8
325771,10
325771,12
325773,1
325773,7
325773,8
325773,10
325773,12
325782,1
325782,7
325782,8
325782,10
325782,12
325783,1
325783,7
325783,8
325783,10
325783,12
325784,1
325784,7
325784,8
325784,10
325784,12
325785,1
325785,7
325785,8
325785,10
325785,12
325786,1
325786,7
325786,8
325786,10
325786,12
325789,1
325789,7
325789,8
325789,10
325789,12
325790,1
325790,7
325790,8
325790,10
325790,12
325791,1
325791,7
325791,8
325791,10
325791,12
325794,1
325794,7
325794,8
325794,10
325794,12
325796,1
325796,7
325796,8
325796,10
325796,12
325798,1
325798,7
325798,8
325798,10
325798,12
325801,1
325801,7
325801,8
325801,10
325801,12
325805,1
325805,7
325805,8
325805,10
325805,12
325808,1
325808,7
325808,8
325808,10
325808,12
325811,1
325811,7
325811,8
325811,10
325811,12
325813,1
325813,7
325813,8
325813,10
325813,12
325814,1
325814,7
325814,8
325814,10
325814,12
325819,1
325819,7
325819,8
325819,10
325819,12
325820,1
325820,7
325820,8
325820,10
325820,12
325824,1
325824,7
325824,8
325824,10
325824,12
325829,1
325829,7
325829,8
325829,10
325829,12
325831,1
325831,7
325831,8
325831,10
325831,12
325832,1
325832,7
325832,8
325832,10
325832,12
325833,1
325833,7
325833,8
325833,10
325833,12
325834,1
325834,7
325834,8
325834,10
325834,12
325839,1
325839,7
325839,8
325839,10
325839,12
325840,1
325840,7
325840,8
325840,10
325840,12
325841,1
325841,7
325841,8
325841,10
325841,12
325844,1
325844,7
325844,8
325844,10
325844,12
325847,1
325847,7
325847,8
325847,10
325847,12
325849,1
325849,7
325849,8
325849,10
325849,12
325852,1
325852,7
325852,8
325852,10
325852,12
325853,1
325853,7
325853,8
325853,10
325853,12
325856,1
325856,7
325856,8
325856,10
325856,12
325858,1
325858,7
325858,8
325858,10
325858,12
325860,1
325860,7
325860,8
325860,10
325860,12
325861,1
325861,7
325861,8
325861,10
325861,12
325862,1
325862,7
325862,8
325862,10
325862,12
325863,1
325863,7
325863,8
325863,10
325863,12
325864,1
325864,7
325864,8
325864,10
325864,12
325865,1
325865,7
325865,8
325865,10
325865,12
325866,1
325866,7
325866,8
325866,10
325866,12
325869,1
325869,7
325869,8
325869,10
325869,12
325870,1
325870,7
325870,8
325870,10
325870,12
325871,1
325871,7
325871,8
325871,10
325871,12
325874,1
325874,7
325874,8
325874,10
325874,12
325875,1
325875,7
325875,8
325875,10
325875,12
325876,1
325876,7
325876,8
325876,10
325876,12
325878,1
325878,7
325878,8
325878,10
325878,12
325880,1
325880,7
325880,8
325880,10
325880,12
325881,1
325881,7
325881,8
325881,10
325881,12
325882,1
325882,7
325882,8
325882,10
325882,12
325884,1
325884,7
325884,8
325884,10
325884,12
325885,1
325885,7
325885,8
325885,10
325885,12
326079,1
326079,7
326079,8
326079,10
326079,12
326922,3
326922,4
326923,3
326923,4
327014,3
327014,4
327664,
327665,
327666,
327667,
327668,
327669,
327670,
327671,
327672,
327673,
327674,
327675,
327676,
327677,
327678,
327738,
328342,2
328342,
328342,10
328342,12
328498,1
328498,7
328498,8
328498,10
328498,12
328632,
328633,
328680,
329487,1
329487,7
329487,8
329487,10
329487,12
329562,1
329562,7
329562,8
329562,10
329562,12
329772,1
329772,7
329772,8
329772,10
329772,12
329822,1
329822,7
329822,8
329822,10
329822,12
329928,1
329928,3
329928,4
329928,
329928,7
329928,10
329928,12
330158,1
330158,7
330158,8
330158,10
330158,12
330199,
330200,
330204,
331043,1
331043,7
331043,8
331043,10
331043,12
331469,1
331469,
331469,7
331469,10
331469,12
331875,1
331875,
331875,7
331875,8
331875,10
332166,
332298,1
332298,3
332298,4
332298,
332298,7
332298,10
332298,12
333582,1
333582,2
333582,3
333582,4
333582,
333582,7
333582,10
333582,12
333587,1
333587,2
333587,3
333587,4
333587,
333587,7
333587,10
333587,12
333589,1
333589,2
333589,3
333589,4
333589,
333589,7
333589,10
333589,12
333590,1
333590,2
333590,3
333590,4
333590,
333590,7
333590,10
333590,12
333592,1
333592,2
333592,3
333592,4
333592,
333592,7
333592,10
333592,12
333595,1
333595,2
333595,3
333595,4
333595,
333595,7
333595,10
333595,12
333596,1
333596,2
333596,3
333596,4
333596,
333596,7
333596,10
333596,12
334285,1
334285,2
334285,3
334285,4
334285,
334285,7
334285,10
334285,12
345179,1
345179,7
345179,8
345179,10
345179,12
345183,1
345183,7
345183,8
345183,10
345183,12
345184,1
345184,7
345184,8
345184,10
345184,12
345187,1
345187,7
345187,8
345187,10
345187,12
345188,1
345188,7
345188,8
345188,10
345188,12
345189,1
345189,7
345189,8
345189,10
345189,12
345191,1
345191,7
345191,8
345191,10
345191,12
345192,1
345192,7
345192,8
345192,10
345192,12
345193,1
345193,7
345193,8
345193,10
345193,12
345195,1
345195,7
345195,8
345195,10
345195,12
345196,1
345196,7
345196,8
345196,10
345196,12
345201,1
345201,7
345201,8
345201,10
345201,12
345202,1
345202,7
345202,8
345202,10
345202,12
345203,1
345203,7
345203,8
345203,10
345203,12
345205,1
345205,7
345205,8
345205,10
345205,12
345206,1
345206,7
345206,8
345206,10
345206,12
345209,1
345209,7
345209,8
345209,10
345209,12
345211,1
345211,7
345211,8
345211,10
345211,12
345212,1
345212,7
345212,8
345212,10
345212,12
345218,1
345218,7
345218,8
345218,10
345218,12
345226,1
345226,7
345226,8
345226,10
345226,12
345227,1
345227,7
345227,8
345227,10
345227,12
345228,1
345228,7
345228,8
345228,10
345228,12
345231,1
345231,7
345231,8
345231,10
345231,12
345233,1
345233,7
345233,8
345233,10
345233,12
345236,1
345236,7
345236,8
345236,10
345236,12
345237,1
345237,7
345237,8
345237,10
345237,12
345241,1
345241,7
345241,8
345241,10
345241,12
345242,1
345242,7
345242,8
345242,10
345242,12
345245,1
345245,7
345245,8
345245,10
345245,12
345247,1
345247,7
345247,8
345247,10
345247,12
345249,1
345249,7
345249,8
345249,10
345249,12
345250,1
345250,7
345250,8
345250,10
345250,12
345253,1
345253,7
345253,8
345253,10
345253,12
345256,1
345256,7
345256,8
345256,10
345256,12
345257,1
345257,7
345257,8
345257,10
345257,12
345258,1
345258,7
345258,8
345258,10
345258,12
345262,1
345262,7
345262,8
345262,10
345262,12
345263,1
345263,7
345263,8
345263,10
345263,12
345264,1
345264,7
345264,8
345264,10
345264,12
345270,1
345270,7
345270,8
345270,10
345270,12
345271,1
345271,7
345271,8
345271,10
345271,12
345724,1
345724,7
345724,8
345724,10
345724,12
345728,1
345728,7
345728,8
345728,10
345728,12
345734,1
345734,7
345734,8
345734,10
345734,12
345738,1
345738,7
345738,8
345738,10
345738,12
345741,1
345741,7
345741,8
345741,10
345741,12
345745,1
345745,7
345745,8
345745,10
345745,12
345746,1
345746,7
345746,8
345746,10
345746,12
345759,1
345759,7
345759,8
345759,10
345759,12
345760,1
345760,7
345760,8
345760,10
345760,12
345761,1
345761,7
345761,8
345761,10
345761,12
345763,1
345763,7
345763,8
345763,10
345763,12
345767,1
345767,7
345767,8
345767,10
345767,12
345772,1
345772,7
345772,8
345772,10
345772,12
345775,1
345775,7
345775,8
345775,10
345775,12
345778,1
345778,7
345778,8
345778,10
345778,12
345779,1
345779,7
345779,8
345779,10
345779,12
345783,1
345783,7
345783,8
345783,10
345783,12
345784,1
345784,7
345784,8
345784,10
345784,12
345786,1
345786,7
345786,8
345786,10
345786,12
345787,1
345787,7
345787,8
345787,10
345787,12
345789,1
345789,7
345789,8
345789,10
345789,12
345794,1
345794,7
345794,8
345794,10
345794,12
345799,1
345799,7
345799,8
345799,10
345799,12
345802,1
345802,7
345802,8
345802,10
345802,12
345805,1
345805,7
345805,8
345805,10
345805,12
345807,1
345807,7
345807,8
345807,10
345807,12
345814,1
345814,7
345814,8
345814,10
345814,12
345815,1
345815,7
345815,8
345815,10
345815,12
345817,1
345817,7
345817,8
345817,10
345817,12
345820,1
345820,7
345820,8
345820,10
345820,12
345822,1
345822,7
345822,8
345822,10
345822,12
345824,1
345824,7
345824,8
345824,10
345824,12
345829,1
345829,7
345829,8
345829,10
345829,12
345830,1
345830,7
345830,8
345830,10
345830,12
345834,1
345834,7
345834,8
345834,10
345834,12
345840,1
345840,7
345840,8
345840,10
345840,12
345846,1
345846,7
345846,8
345846,10
345846,12
345848,1
345848,7
345848,8
345848,10
345848,12
345851,1
345851,7
345851,8
345851,10
345851,12
345853,1
345853,7
345853,8
345853,10
345853,12
345857,1
345857,7
345857,8
345857,10
345857,12
345859,1
345859,7
345859,8
345859,10
345859,12
345866,1
345866,7
345866,8
345866,10
345866,12
345870,1
345870,7
345870,8
345870,10
345870,12
345872,1
345872,7
345872,8
345872,10
345872,12
345873,1
345873,7
345873,8
345873,10
345873,12
345875,1
345875,7
345875,8
345875,10
345875,12
345876,1
345876,7
345876,8
345876,10
345876,12
345878,1
345878,7
345878,8
345878,10
345878,12
345880,1
345880,7
345880,8
345880,10
345880,12
345885,1
345885,7
345885,8
345885,10
345885,12
345887,1
345887,7
345887,8
345887,10
345887,12
345888,1
345888,7
345888,8
345888,10
345888,12
345889,1
345889,7
345889,8
345889,10
345889,12
345892,1
345892,7
345892,8
345892,10
345892,12
345897,1
345897,7
345897,8
345897,10
345897,12
345905,1
345905,7
345905,8
345905,10
345905,12
345906,1
345906,7
345906,8
345906,10
345906,12
345910,1
345910,7
345910,8
345910,10
345910,12
345911,1
345911,7
345911,8
345911,10
345911,12
345912,1
345912,7
345912,8
345912,10
345912,12
345913,1
345913,7
345913,8
345913,10
345913,12
345917,1
345917,7
345917,8
345917,10
345917,12
345920,1
345920,7
345920,8
345920,10
345920,12
345922,1
345922,7
345922,8
345922,10
345922,12
345923,1
345923,7
345923,8
345923,10
345923,12
345925,1
345925,7
345925,8
345925,10
345925,12
345926,1
345926,7
345926,8
345926,10
345926,12
345928,1
345928,7
345928,8
345928,10
345928,12
345936,1
345936,7
345936,8
345936,10
345936,12
345938,1
345938,7
345938,8
345938,10
345938,12
345939,1
345939,7
345939,8
345939,10
345939,12
345944,1
345944,7
345944,8
345944,10
345944,12
345946,1
345946,7
345946,8
345946,10
345946,12
345947,1
345947,7
345947,8
345947,10
345947,12
345949,1
345949,7
345949,8
345949,10
345949,12
345954,1
345954,7
345954,8
345954,10
345954,12
345957,1
345957,7
345957,8
345957,10
345957,12
345961,1
345961,7
345961,8
345961,10
345961,12
345963,1
345963,7
345963,8
345963,10
345963,12
345964,1
345964,7
345964,8
345964,10
345964,12
345973,1
345973,7
345973,8
345973,10
345973,12
345974,1
345974,7
345974,8
345974,10
345974,12
345976,1
345976,7
345976,8
345976,10
345976,12
345979,1
345979,7
345979,8
345979,10
345979,12
345986,1
345986,7
345986,8
345986,10
345986,12
345989,1
345989,7
345989,8
345989,10
345989,12
345990,1
345990,7
345990,8
345990,10
345990,12
345991,1
345991,7
345991,8
345991,10
345991,12
346032,1
346032,7
346032,8
346032,10
346032,12
346750,
346751,
346752,
346793,
346884,1
346884,3
346884,4
346884,
346884,7
346884,10
346884,12
347632,1
347632,7
347632,8
347632,10
347632,12
347659,1
347659,
347659,7
347659,10
347659,12
349404,1
349404,10
349404,12
349439,1
349439,10
349439,12
349502,1
349502,10
349502,12
350098,1
350098,7
350098,8
350098,10
350098,12
350187,1
350187,7
350187,8
350187,10
350187,12
350590,1
350590,
350590,10
350590,12
351881,2
351881,10
351881,12
353855,1
353855,7
353855,8
353855,10
353855,12
353856,1
353856,7
353856,8
353856,10
353856,12
353857,1
353857,7
353857,8
353857,10
353857,12
353913,1
353913,7
353913,8
353913,10
353913,12
355090,1
355090,7
355090,8
355090,10
355090,12
355594,1
355594,7
355594,8
355594,10
355594,12
356072,1
356072,7
356072,8
356072,10
356072,12
356126,1
356126,3
356126,4
356126,
356126,7
356126,10
356126,12
356182,
357382,1
357382,
357382,7
357382,10
357382,12
357903,1
357903,3
357903,4
357903,
357903,7
357903,8
357903,10
357903,12
357906,1
357906,3
357906,4
357906,
357906,7
357906,8
357906,10
357906,12
357907,1
357907,3
357907,4
357907,
357907,7
357907,8
357907,10
357907,12
357908,1
357908,3
357908,4
357908,
357908,7
357908,8
357908,10
357908,12
357909,1
357909,3
357909,4
357909,
357909,7
357909,8
357909,10
357909,12
357910,1
357910,3
357910,4
357910,
357910,7
357910,8
357910,10
357910,12
357912,1
357912,3
357912,4
357912,
357912,7
357912,8
357912,10
357912,12
357944,1
357944,3
357944,4
357944,
357944,7
357944,8
357944,10
357944,12
360302,1
360302,7
360302,8
360302,10
360302,12
360303,1
360303,7
360303,8
360303,10
360303,12
360334,1
360334,7
360334,8
360334,10
360334,12
360764,1
360764,7
360764,8
360764,10
360764,12
360852,1
360852,7
360852,8
360852,10
360852,12
361266,1
361266,7
361266,8
361266,10
361266,12
361312,5
361757,
361818,
367639,
371366,1
371366,7
371366,8
371366,10
371366,12
371763,1
371763,10
371763,12
371881,1
371881,7
371881,8
371881,10
371881,12
372258,
372258,8
372258,10
372258,12
373008,1
373008,7
373008,8
373008,10
373008,12
374355,1
374355,7
374355,8
374355,10
374355,12
374470,1
374470,7
374470,8
374470,10
374470,12
374995,1
374995,7
374995,8
374995,10
374995,12
375144,1
375144,7
375144,8
375144,10
375144,12
375852,1
375852,7
375852,8
375852,10
375852,12
375892,1
375892,7
375892,8
375892,10
375892,12
378038,2
378086,2
378086,
383909,1
383909,7
383909,8
383909,10
383909,12
383910,1
383910,
383910,7
383910,8
383910,10
383910,12
384083,1
384083,7
384083,8
384083,10
384083,12
386583,1
386583,
386583,7
386583,8
386583,10
386583,12
387252,1
387252,7
387252,8
387252,10
387252,12
388645,1
388645,7
388645,10
388645,12
388688,1
388688,7
388688,8
388688,10
388688,12
389160,1
389160,7
389160,8
389160,10
389160,12
389663,1
389663,
389663,7
389663,8
389663,10
389663,12
389831,1
389831,3
389831,4
389831,
389831,7
389831,10
389831,12
389832,1
389832,3
389832,4
389832,
389832,7
389832,10
389832,12
389866,1
389866,3
389866,4
389866,
389866,7
389866,10
389866,12
390542,1
390542,7
390542,8
390542,10
390542,12
390543,
390544,
390545,
390585,
390636,
391804,1
391804,7
391804,8
391804,10
391804,12
397012,1
397012,7
397012,8
397012,10
397012,12
397065,1
397065,7
397065,8
397065,10
397065,12
397455,
397492,
398015,1
398015,3
398015,4
398015,
398015,7
398015,8
398015,10
398015,12
398072,1
398072,7
398072,8
398072,10
398072,12
398532,1
398532,2
398532,3
398532,4
398532,7
398532,10
398532,12
398533,1
398533,2
398533,3
398533,4
398533,7
398533,10
398533,12
398534,1
398534,2
398534,3
398534,4
398534,7
398534,10
398534,12
400053,1
400053,2
400053,3
400053,4
400053,7
400053,10
400053,12
400173,1
400173,7
400173,8
400173,10
400173,12
400956,1
400956,
400956,7
400956,8
400956,10
400956,12
404795,1
404795,7
404795,8
404795,10
404795,12
404828,1
404828,7
404828,8
404828,10
404828,12
406105,2
406105,4
406105,
406105,8
406105,10
406105,12
416138,1
416138,7
416138,8
416138,10
416138,12
416139,1
416139,7
416139,8
416139,10
416139,12
416140,1
416140,7
416140,8
416140,10
416140,12
416141,1
416141,7
416141,8
416141,10
416141,12
416142,1
416142,7
416142,8
416142,10
416142,12
416143,1
416143,7
416143,8
416143,10
416143,12
416144,1
416144,7
416144,8
416144,10
416144,12
416145,1
416145,7
416145,8
416145,10
416145,12
416146,1
416146,7
416146,8
416146,10
416146,12
416147,1
416147,7
416147,8
416147,10
416147,12
416184,1
416184,7
416184,8
416184,10
416184,12
416438,1
416438,7
416438,8
416438,10
416438,12
416439,1
416439,7
416439,8
416439,10
416439,12
416770,1
416770,3
416770,4
416770,
416770,7
416770,8
416770,10
416770,12
416771,1
416771,3
416771,4
416771,
416771,7
416771,8
416771,10
416771,12
416777,1
416777,3
416777,4
416777,
416777,7
416777,8
416777,10
416777,12
416779,1
416779,3
416779,4
416779,
416779,7
416779,8
416779,10
416779,12
416788,1
416788,3
416788,4
416788,
416788,7
416788,8
416788,10
416788,12
416793,1
416793,3
416793,4
416793,
416793,7
416793,8
416793,10
416793,12
416794,1
416794,3
416794,4
416794,
416794,7
416794,8
416794,10
416794,12
416795,1
416795,3
416795,4
416795,
416795,7
416795,8
416795,10
416795,12
416799,1
416799,3
416799,4
416799,
416799,7
416799,8
416799,10
416799,12
416830,1
416830,3
416830,4
416830,
416830,7
416830,8
416830,10
416830,12
416832,1
416832,3
416832,4
416832,
416832,7
416832,8
416832,10
416832,12
416841,1
416841,3
416841,4
416841,
416841,7
416841,8
416841,10
416841,12
416855,1
416855,3
416855,4
416855,
416855,7
416855,8
416855,10
416855,12
417001,1
417001,3
417001,4
417001,
417001,7
417001,8
417001,10
417001,12
417215,1
417215,7
417215,8
417215,10
417215,12
417545,1
417545,7
417545,8
417545,10
417545,12
417692,1
417692,7
417692,8
417692,10
417692,12
417749,1
417749,7
417749,8
417749,10
417749,12
417768,1
417768,7
417768,8
417768,10
417768,12
417964,
418042,1
418042,2
418042,
418042,7
418042,10
418042,12
418061,1
418061,7
418061,8
418061,10
418061,12
418141,1
418141,7
418141,8
418141,10
418141,12
420634,1
420634,7
420634,8
420634,10
420634,12
420635,1
420635,7
420635,8
420635,10
420635,12
420636,1
420636,7
420636,8
420636,10
420636,12
420637,1
420637,7
420637,8
420637,10
420637,12
420638,1
420638,7
420638,8
420638,10
420638,12
420639,1
420639,7
420639,8
420639,10
420639,12
420640,1
420640,7
420640,8
420640,10
420640,12
420641,1
420641,7
420641,8
420641,10
420641,12
420642,1
420642,7
420642,8
420642,10
420642,12
420643,1
420643,7
420643,8
420643,10
420643,12
420644,1
420644,7
420644,8
420644,10
420644,12
420645,1
420645,7
420645,8
420645,10
420645,12
420646,1
420646,7
420646,8
420646,10
420646,12
420647,1
420647,7
420647,8
420647,10
420647,12
420648,1
420648,7
420648,8
420648,10
420648,12
420649,1
420649,7
420649,8
420649,10
420649,12
420650,1
420650,7
420650,8
420650,10
420650,12
420651,1
420651,7
420651,8
420651,10
420651,12
420654,1
420654,7
420654,8
420654,10
420654,12
421316,1
421316,7
421316,8
421316,10
421316,12
421317,1
421317,7
421317,8
421317,10
421317,12
421318,1
421318,7
421318,8
421318,10
421318,12
421319,1
421319,7
421319,8
421319,10
421319,12
421320,1
421320,7
421320,8
421320,10
421320,12
421321,1
421321,7
421321,8
421321,10
421321,12
421322,1
421322,7
421322,8
421322,10
421322,12
421323,1
421323,7
421323,8
421323,10
421323,12
421324,1
421324,7
421324,8
421324,10
421324,12
421325,1
421325,7
421325,8
421325,10
421325,12
421326,1
421326,7
421326,8
421326,10
421326,12
421327,1
421327,7
421327,8
421327,10
421327,12
421328,1
421328,7
421328,8
421328,10
421328,12
421329,1
421329,7
421329,8
421329,10
421329,12
421330,1
421330,7
421330,8
421330,10
421330,12
421331,1
421331,7
421331,8
421331,10
421331,12
421382,1
421382,7
421382,8
421382,10
421382,12
421681,1
421681,7
421681,8
421681,10
421681,12
421772,1
421772,7
421772,8
421772,10
421772,12
421839,1
421839,3
421839,4
421839,
421839,7
421839,8
421839,10
421839,12
422086,1
422086,3
422086,4
422086,10
422086,12
422199,1
422199,7
422199,8
422199,10
422199,12
422249,1
422249,7
422249,8
422249,10
422249,12
422254,1
422254,7
422254,8
422254,10
422254,12
422581,1
422581,7
422581,8
422581,10
422581,12
422582,1
422582,7
422582,8
422582,10
422582,12
422594,1
422594,7
422594,8
422594,10
422594,12
422936,1
422936,7
422936,8
422936,10
422936,12
428679,1
428679,7
428679,8
428679,10
428679,12
429988,
434876,1
434876,7
434876,8
434876,10
434876,12
434877,1
434877,7
434877,8
434877,10
434877,12
434930,1
434930,7
434930,8
434930,10
434930,12
435809,1
435809,7
435809,8
435809,10
435809,12
435830,1
435830,7
435830,8
435830,10
435830,12
435877,1
435877,7
435877,8
435877,10
435877,12
435893,1
435893,7
435893,8
435893,10
435893,12
435895,1
435895,7
435895,8
435895,10
435895,12
435913,1
435913,7
435913,8
435913,10
435913,12
435914,1
435914,7
435914,8
435914,10
435914,12
435935,1
435935,7
435935,8
435935,10
435935,12
435952,1
435952,7
435952,8
435952,10
435952,12
435973,1
435973,7
435973,8
435973,10
435973,12
435984,1
435984,7
435984,8
435984,10
435984,12
436017,1
436017,7
436017,8
436017,10
436017,12
436024,1
436024,7
436024,8
436024,10
436024,12
436048,1
436048,7
436048,8
436048,10
436048,12
436057,1
436057,7
436057,8
436057,10
436057,12
436257,1
436257,7
436257,8
436257,10
436257,12
436666,1
436666,7
436666,8
436666,10
436666,12
436678,1
436678,7
436678,8
436678,10
436678,12
436688,1
436688,7
436688,8
436688,10
436688,12
436691,1
436691,7
436691,8
436691,10
436691,12
436713,1
436713,7
436713,8
436713,10
436713,12
437390,1
437390,7
437390,8
437390,10
437390,12
437392,1
437392,7
437392,8
437392,10
437392,12
437409,1
437409,7
437409,8
437409,10
437409,12
437441,1
437441,7
437441,8
437441,10
437441,12
437447,1
437447,7
437447,8
437447,10
437447,12
437450,1
437450,7
437450,8
437450,10
437450,12
437463,1
437463,7
437463,8
437463,10
437463,12
437467,1
437467,7
437467,8
437467,10
437467,12
437503,1
437503,7
437503,8
437503,10
437503,12
437529,1
437529,7
437529,8
437529,10
437529,12
437559,1
437559,7
437559,8
437559,10
437559,12
437577,1
437577,7
437577,8
437577,10
437577,12
437578,1
437578,7
437578,8
437578,10
437578,12
446278,
446903,1
446903,7
446903,8
446903,10
446903,12
446930,1
446930,7
446930,8
446930,10
446930,12
448085,1
448085,7
448085,8
448085,10
448085,12
448125,1
448125,7
448125,8
448125,10
448125,12
448808,1
448808,7
448808,8
448808,10
448808,12
448909,3
448909,4
448909,
448909,8
449492,
449493,
449596,
449675,1
449675,7
449675,8
449675,10
449675,12
449676,1
449676,7
449676,8
449676,10
449676,12
449677,1
449677,7
449677,8
449677,10
449677,12
449678,1
449678,7
449678,8
449678,10
449678,12
449679,1
449679,7
449679,8
449679,10
449679,12
449722,1
449722,7
449722,8
449722,10
449722,12
449801,1
449801,3
449801,4
449801,
449801,7
449801,10
449801,12
449824,1
449824,3
449824,4
449824,
449824,7
449824,10
449824,12
450131,1
450131,7
450131,8
450131,10
450131,12
452032,1
452032,10
452032,12
452033,1
452033,10
452033,12
452034,1
452034,10
452034,12
452035,1
452035,10
452035,12
452036,1
452036,10
452036,12
452038,1
452038,10
452038,12
452039,1
452039,10
452039,12
452040,1
452040,10
452040,12
452041,1
452041,10
452041,12
452043,1
452043,10
452043,12
452044,1
452044,10
452044,12
452045,1
452045,10
452045,12
452046,1
452046,10
452046,12
452047,1
452047,10
452047,12
452048,1
452048,10
452048,12
452049,1
452049,10
452049,12
452050,1
452050,10
452050,12
452051,1
452051,10
452051,12
452052,1
452052,10
452052,12
452267,1
452267,10
452267,12
453304,1
453304,2
453304,3
453304,4
453304,7
453304,10
453304,12
457932,1
457932,2
457932,4
457932,
457932,8
457932,12
458394,1
458394,10
458394,12
458395,1
458395,10
458395,12
458452,1
458452,10
458452,12
458512,1
458512,10
458512,12
458513,1
458513,10
458513,12
458676,1
458676,10
458676,12
461147,1
461147,3
461147,4
461147,
461147,7
461147,8
461147,10
461147,12
461184,1
461184,3
461184,4
461184,
461184,7
461184,8
461184,10
461184,12
461614,1
461614,7
461614,8
461614,10
461614,12
461781,
461782,
461783,
461784,
461785,
461786,
462273,
462348,1
462348,7
462348,8
462348,10
462348,12
